{
  "required": true,
  "minVersion": "0.8",
  "package": "net.coderbot.iris.mixin",
  "compatibilityLevel": "JAVA_8",
  "client": [
	"MixinDebugHud",
	"MixinGameRenderer",
    "MixinEntityRenderDispatcher",
	"MixinGlStateManager",
	"MixinImmediateVertexConsumerProvider",
	"MixinParticleManager",
	"MixinTranslationStorage",
	"MixinWorldRenderer",
	"fabulous.MixinDisableFabulousGraphics",
	"fabulous.MixinOption",
	"gbuffer.MixinWorldRenderer",
    "MixinHeldItemRenderer",
    "MixinInGameHud",
    "renderlayer.MixinFixEyesTranslucency",
    "renderlayer.MixinMultiPhaseParameters",
    "gui.AccessorScreen",
    "gui.MixinVideoOptionsScreen",
    "renderlayer.MixinMultiPhaseParametersBuilder",
    "renderlayer.MixinRenderLayer",
    "renderlayer.RenderLayerAccessor",
    "renderlayer.RenderPhaseAccessor",
	"texunits.MixinBufferVertexConsumer",
	"texunits.MixinGlStateManager",
	"texunits.MixinLightmapTextureManager",
	"texunits.MixinOverlayTexture",
	"texunits.MixinVertexFormats"
  ],
  "injectors": {
	"defaultRequire": 1
  }
}
