{
  "required": true,
  "minVersion": "0.8",
  "package": "net.coderbot.iris.mixin",
  "compatibilityLevel": "JAVA_8",
  "client": [
    "AccessorWorldRenderer",
    "MixinDebugHud",
    "MixinEntityRenderDispatcher",
    "MixinGameRenderer",
    "MixinGlStateManager",
    "MixinImmediateVertexConsumerProvider",
    "MixinParticleManager",
    "MixinTranslationStorage",
    "MixinWorldRenderer",
    "MixinMatrix4f",
    "fabulous.MixinDisableFabulousGraphics",
    "fabulous.MixinOption",
    "gbuffer.MixinWorldRenderer",
    "math.MixinMatrix4f",
    "renderlayer.MixinFixEyesTranslucency",
    "renderlayer.MixinRenderLayer",
    "renderlayer.RenderLayerAccessor",
    "renderlayer.RenderPhaseAccessor",
    "texunits.MixinBufferVertexConsumer",
    "texunits.MixinGlStateManager",
    "texunits.MixinLightmapTextureManager",
    "texunits.MixinOverlayTexture",
    "texunits.MixinVertexFormats"
  ],
  "injectors": {
    "defaultRequire": 1
  }
}
